box,confidence,image_path,resnet50_label,resnet50_confidence,senet50_label,senet50_confidence,vgg16_label,vgg16_confidence
"[2425, 1253, 126, 157]",0.9999974966049194,D:\1- ws.projects\medface.webapp\media/runs\3\1\2023-12-06\3\207\1.jpeg,211000809_Maryam Elsayed,0.9560551,211000809_Maryam Elsayed,0.7092551,212001020_Hamza Badawy,0.99999726
"[1335, 1390, 249, 298]",0.9999028444290161,D:\1- ws.projects\medface.webapp\media/runs\3\1\2023-12-06\3\207\1.jpeg,211011153_Ahmed Gabr,0.99973613,211011153_Ahmed Gabr,0.91623884,211011153_Ahmed Gabr,0.9999511
"[390, 1217, 111, 146]",0.9998561143875122,D:\1- ws.projects\medface.webapp\media/runs\3\1\2023-12-06\3\207\1.jpeg,211000104_Menna Elswefy,0.9863767,211000104_Menna Elswefy,0.9641507,211011273_Shahd Roushdy,0.99999225
"[2095, 1030, 56, 69]",0.9998418092727661,D:\1- ws.projects\medface.webapp\media/runs\3\1\2023-12-06\3\207\1.jpeg,211011070_Jana Ossama,0.9965688,211011070_Jana Ossama,0.80573237,211011070_Jana Ossama,0.8887719
"[1132, 1149, 88, 113]",0.9998414516448975,D:\1- ws.projects\medface.webapp\media/runs\3\1\2023-12-06\3\207\1.jpeg,211008096_Omar Ossama,0.61298615,211010968_Youssef Ali,0.88902414,211003626_Abdallah Salman,0.9999993
"[3000, 982, 64, 77]",0.9998078942298889,D:\1- ws.projects\medface.webapp\media/runs\3\1\2023-12-06\3\207\1.jpeg,211000798_Fliopater Gadallah,0.74061304,211011276_Abdallah Hisham,0.99771357,212001217_Ibrahim Elmahdy,0.5578891
"[1207, 1050, 69, 91]",0.9997910857200623,D:\1- ws.projects\medface.webapp\media/runs\3\1\2023-12-06\3\207\1.jpeg,211000548_Hazim Mostafa,0.9999654,211000548_Hazim Mostafa,0.94645727,211000548_Hazim Mostafa,0.87634104
"[2186, 1032, 54, 73]",0.9997789263725281,D:\1- ws.projects\medface.webapp\media/runs\3\1\2023-12-06\3\207\1.jpeg,211003737_Manar Shahin,0.9979715,211003737_Manar Shahin,0.99305236,211003737_Manar Shahin,1.0
"[3134, 1103, 69, 89]",0.9997673630714417,D:\1- ws.projects\medface.webapp\media/runs\3\1\2023-12-06\3\207\1.jpeg,211011273_Shahd Roushdy,0.90921545,211011273_Shahd Roushdy,0.79198605,211011273_Shahd Roushdy,0.9999541
"[1719, 1219, 104, 127]",0.9997660517692566,D:\1- ws.projects\medface.webapp\media/runs\3\1\2023-12-06\3\207\1.jpeg,211008767_Merna Nasser,0.9992508,211008767_Merna Nasser,0.95709866,211008767_Merna Nasser,1.0
"[1926, 1157, 81, 107]",0.9997603297233582,D:\1- ws.projects\medface.webapp\media/runs\3\1\2023-12-06\3\207\1.jpeg,211000053_Rahaf Ibrahim,0.9722989,211000053_Rahaf Ibrahim,0.9155241,211000053_Rahaf Ibrahim,0.64886105
"[730, 1029, 62, 76]",0.9997037053108215,D:\1- ws.projects\medface.webapp\media/runs\3\1\2023-12-06\3\207\1.jpeg,211003523_Ahmed Khamis,0.93400866,211000864_Hazem Elsayed,0.890759,212001107_Islam Alaa Eldin,0.9261488
"[2087, 1147, 70, 83]",0.9996583461761475,D:\1- ws.projects\medface.webapp\media/runs\3\1\2023-12-06\3\207\1.jpeg,211000539_Logyn Attify,0.75064325,211000539_Logyn Attify,0.8613739,211000539_Logyn Attify,1.0
"[2616, 1056, 77, 95]",0.9992475509643555,D:\1- ws.projects\medface.webapp\media/runs\3\1\2023-12-06\3\207\1.jpeg,212001131_Ahmed El ashry,0.21059367,211002669_Ranah Elsayed,0.4964795,211001167_Mostafa Ashraf,0.9720375
"[2245, 1113, 72, 93]",0.9990094900131226,D:\1- ws.projects\medface.webapp\media/runs\3\1\2023-12-06\3\207\1.jpeg,211001669_Mina Louise,0.9999579,211001669_Mina Louise,0.9868645,211001669_Mina Louise,0.9999999
"[869, 1139, 99, 122]",0.9988499879837036,D:\1- ws.projects\medface.webapp\media/runs\3\1\2023-12-06\3\207\1.jpeg,211010750_Faris Rabie,0.98446274,211010638_Mohamed Nazieh,0.69858515,211008843_John Nabil,0.9999969
"[2002, 1014, 46, 58]",0.9986684322357178,D:\1- ws.projects\medface.webapp\media/runs\3\1\2023-12-06\3\207\1.jpeg,211011044_Bassem Nader,0.24941617,211010944_Kirollos William,0.99470997,211001669_Mina Louise,0.99913603
"[3027, 1131, 103, 128]",0.99787437915802,D:\1- ws.projects\medface.webapp\media/runs\3\1\2023-12-06\3\207\1.jpeg,212001377_Mohamed Hatem,1.0,212001377_Mohamed Hatem,0.9891587,212001377_Mohamed Hatem,0.9999974
"[973, 1027, 81, 95]",0.9976381063461304,D:\1- ws.projects\medface.webapp\media/runs\3\1\2023-12-06\3\207\1.jpeg,211002432_Youssef Sherif,0.99990666,211002432_Youssef Sherif,0.99119055,211002432_Youssef Sherif,0.671929
"[2787, 1140, 117, 155]",0.9973506927490234,D:\1- ws.projects\medface.webapp\media/runs\3\1\2023-12-06\3\207\1.jpeg,231001961_Amr Hablas,0.9987735,231001961_Amr Hablas,0.8764271,212001107_Islam Alaa Eldin,0.9999912
"[1068, 1007, 44, 54]",0.9970828890800476,D:\1- ws.projects\medface.webapp\media/runs\3\1\2023-12-06\3\207\1.jpeg,211010973_Zina Fayez,0.3292248,212001377_Mohamed Hatem,0.8174186,211003548_Janna Younis,0.941149
"[68, 1067, 87, 97]",0.9949324727058411,D:\1- ws.projects\medface.webapp\media/runs\3\1\2023-12-06\3\207\1.jpeg,211000072_Ahmed Agawany,0.94667536,211000072_Ahmed Agawany,0.78985965,211003548_Janna Younis,0.9905183
"[1682, 1094, 87, 109]",0.993157684803009,D:\1- ws.projects\medface.webapp\media/runs\3\1\2023-12-06\3\207\1.jpeg,211001676_Kerolous Youssef,0.99996734,211001676_Kerolous Youssef,0.968954,211002997_Ahmed Attiah,0.9906737
"[1394, 1112, 90, 116]",0.9929168224334717,D:\1- ws.projects\medface.webapp\media/runs\3\1\2023-12-06\3\207\1.jpeg,211000798_Fliopater Gadallah,0.19500928,211000798_Fliopater Gadallah,0.63626295,211000798_Fliopater Gadallah,0.9500175
"[579, 1035, 51, 63]",0.9815503358840942,D:\1- ws.projects\medface.webapp\media/runs\3\1\2023-12-06\3\207\1.jpeg,211010973_Zina Fayez,0.99916935,211000767_Mahmoud Attian,0.48320407,211003548_Janna Younis,0.99932504
"[118, 977, 52, 59]",0.8963388800621033,D:\1- ws.projects\medface.webapp\media/runs\3\1\2023-12-06\3\207\1.jpeg,211002119_Nada Ashosh,0.05452101,211012090_Magda Mohamed,0.23298204,211000784_Mohamed Ossama,0.6162468
"[862, 997, 37, 46]",0.8531659841537476,D:\1- ws.projects\medface.webapp\media/runs\3\1\2023-12-06\3\207\1.jpeg,211010811_Heba Elsayem,0.20247078,211012090_Magda Mohamed,0.3345217,211010703_Omnia Shaaban,0.8714921
"[983, 281, 34, 42]",0.9999493360519409,D:\1- ws.projects\medface.webapp\media/runs\3\1\2023-12-06\3\207\2.jpeg,211003745_Ahmed Medhat,0.8538935,211003745_Ahmed Medhat,0.97231764,211001669_Mina Louise,1.0
"[149, 390, 59, 81]",0.9996949434280396,D:\1- ws.projects\medface.webapp\media/runs\3\1\2023-12-06\3\207\2.jpeg,221003615_Abdallah ElShalkany,0.9769504,221003615_Abdallah ElShalkany,0.40718833,211001669_Mina Louise,0.4743391
"[551, 306, 37, 47]",0.9996907711029053,D:\1- ws.projects\medface.webapp\media/runs\3\1\2023-12-06\3\207\2.jpeg,211000712_Mazin Bahnasy,0.8840978,211000712_Mazin Bahnasy,0.99843985,211000712_Mazin Bahnasy,0.9990701
"[688, 291, 34, 42]",0.9996470212936401,D:\1- ws.projects\medface.webapp\media/runs\3\1\2023-12-06\3\207\2.jpeg,211000137_Marwan Elkordy,0.99640477,211000137_Marwan Elkordy,0.99994695,212001020_Hamza Badawy,0.68479764
"[338, 375, 47, 60]",0.9994888305664062,D:\1- ws.projects\medface.webapp\media/runs\3\1\2023-12-06\3\207\2.jpeg,211001708_Hana Hesham,0.3725146,211000280_Rown Adil,0.7314583,211000280_Rown Adil,1.0
"[1041, 329, 73, 89]",0.9993411898612976,D:\1- ws.projects\medface.webapp\media/runs\3\1\2023-12-06\3\207\2.jpeg,211001707_Karim Hashim,0.99953175,211001707_Karim Hashim,0.99994564,212001270_Lina Sameh,0.967367
"[782, 288, 36, 41]",0.9992724061012268,D:\1- ws.projects\medface.webapp\media/runs\3\1\2023-12-06\3\207\2.jpeg,211000072_Ahmed Agawany,0.46647355,211000072_Ahmed Agawany,0.99993193,211000072_Ahmed Agawany,0.9999894
"[801, 442, 95, 118]",0.9980084300041199,D:\1- ws.projects\medface.webapp\media/runs\3\1\2023-12-06\3\207\2.jpeg,211010973_Zina Fayez,0.9999999,211010973_Zina Fayez,0.99419916,211002717_Heba Hammam,1.0
"[829, 1497, 90, 106]",0.999990701675415,D:\1- ws.projects\medface.webapp\media/runs\3\1\2023-12-06\3\207\3.jpeg,211002119_Nada Ashosh,0.6145107,211000137_Marwan Elkordy,0.4411888,211002656_Nabil Oraby,0.98236704
"[41, 1432, 89, 105]",0.9999704360961914,D:\1- ws.projects\medface.webapp\media/runs\3\1\2023-12-06\3\207\3.jpeg,211001676_Kerolous Youssef,0.7264323,211000778_Abdel Rahman Wael,0.3951167,211000778_Abdel Rahman Wael,0.99985087
"[3147, 1468, 60, 75]",0.999932050704956,D:\1- ws.projects\medface.webapp\media/runs\3\1\2023-12-06\3\207\3.jpeg,211001927_Hanin Zahran,0.91932076,211001927_Hanin Zahran,0.92142856,211000157_Menna Shamsiya,0.87729883
"[3656, 1504, 78, 94]",0.9999116659164429,D:\1- ws.projects\medface.webapp\media/runs\3\1\2023-12-06\3\207\3.jpeg,211003737_Manar Shahin,0.9938344,211003737_Manar Shahin,0.6335608,211003737_Manar Shahin,1.0
"[449, 1678, 159, 197]",0.9999104738235474,D:\1- ws.projects\medface.webapp\media/runs\3\1\2023-12-06\3\207\3.jpeg,211000712_Mazin Bahnasy,0.45518333,211003745_Ahmed Medhat,0.9624717,211000718_Fredy Emad,0.9071521
"[373, 1494, 101, 130]",0.9998811483383179,D:\1- ws.projects\medface.webapp\media/runs\3\1\2023-12-06\3\207\3.jpeg,211000712_Mazin Bahnasy,0.9999715,211000712_Mazin Bahnasy,0.99966145,211000712_Mazin Bahnasy,0.99259627
"[587, 1421, 84, 97]",0.9998773336410522,D:\1- ws.projects\medface.webapp\media/runs\3\1\2023-12-06\3\207\3.jpeg,211010161_Salah Koriem,0.86565554,211010161_Salah Koriem,0.6664441,211002523_Moaz Abdel Raouf,0.7869623
"[709, 1393, 69, 83]",0.999876856803894,D:\1- ws.projects\medface.webapp\media/runs\3\1\2023-12-06\3\207\3.jpeg,211002432_Youssef Sherif,0.6838019,212001107_Islam Alaa Eldin,0.8190693,211000784_Mohamed Ossama,1.0
"[1895, 1458, 64, 80]",0.9998751878738403,D:\1- ws.projects\medface.webapp\media/runs\3\1\2023-12-06\3\207\3.jpeg,211003523_Ahmed Khamis,0.4293805,211011035_Abdelrahman Seddik,0.43613118,211000798_Fliopater Gadallah,0.9781863
"[2016, 1590, 108, 134]",0.9998736381530762,D:\1- ws.projects\medface.webapp\media/runs\3\1\2023-12-06\3\207\3.jpeg,211010750_Faris Rabie,0.992201,211010750_Faris Rabie,0.6631409,211010638_Mohamed Nazieh,0.9831198
"[3042, 1755, 132, 163]",0.999825656414032,D:\1- ws.projects\medface.webapp\media/runs\3\1\2023-12-06\3\207\3.jpeg,211008767_Merna Nasser,0.99979144,211000767_Mahmoud Attian,0.4558873,211011152_Abdelrahman Ashour,0.8682442
"[1529, 1675, 126, 162]",0.9997082352638245,D:\1- ws.projects\medface.webapp\media/runs\3\1\2023-12-06\3\207\3.jpeg,211000104_Menna Elswefy,0.99817073,211000104_Menna Elswefy,0.9991053,211000104_Menna Elswefy,0.9993124
"[3278, 1535, 99, 120]",0.9995995163917542,D:\1- ws.projects\medface.webapp\media/runs\3\1\2023-12-06\3\207\3.jpeg,211003094_Asser Mahmoud,0.4519427,211003094_Asser Mahmoud,0.58813816,211008839_Mostafa Serah,0.9999993
"[1222, 1477, 79, 93]",0.9993988275527954,D:\1- ws.projects\medface.webapp\media/runs\3\1\2023-12-06\3\207\3.jpeg,211000072_Ahmed Agawany,0.95303595,211000072_Ahmed Agawany,0.9988009,211000072_Ahmed Agawany,0.6945471
"[1578, 1439, 75, 95]",0.999066174030304,D:\1- ws.projects\medface.webapp\media/runs\3\1\2023-12-06\3\207\3.jpeg,211000800_Karim Elsamadisy,0.99936134,211000800_Karim Elsamadisy,0.9982887,211000798_Fliopater Gadallah,0.9996018
"[204, 1380, 80, 90]",0.998865008354187,D:\1- ws.projects\medface.webapp\media/runs\3\1\2023-12-06\3\207\3.jpeg,211010973_Zina Fayez,0.8301671,211000767_Mahmoud Attian,0.7633861,211003548_Janna Younis,0.7787098
"[2144, 1464, 84, 104]",0.9988548755645752,D:\1- ws.projects\medface.webapp\media/runs\3\1\2023-12-06\3\207\3.jpeg,211002432_Youssef Sherif,0.99999774,211002432_Youssef Sherif,0.9976998,211000548_Hazim Mostafa,0.5442505
"[2378, 1486, 80, 104]",0.9984475374221802,D:\1- ws.projects\medface.webapp\media/runs\3\1\2023-12-06\3\207\3.jpeg,211000548_Hazim Mostafa,0.999995,211010638_Mohamed Nazieh,0.7604162,211000548_Hazim Mostafa,0.89984894
"[3394, 1462, 64, 81]",0.9980756044387817,D:\1- ws.projects\medface.webapp\media/runs\3\1\2023-12-06\3\207\3.jpeg,211002721_Bassmala El Hashimy,0.12792431,211000718_Fredy Emad,0.3168121,211008839_Mostafa Serah,0.9999994
"[3549, 1489, 85, 106]",0.9974340796470642,D:\1- ws.projects\medface.webapp\media/runs\3\1\2023-12-06\3\207\3.jpeg,211011070_Jana Ossama,0.91449773,211000767_Mahmoud Attian,0.91555303,211002299_Zayneb Soliman,0.5789323
"[1694, 1441, 55, 66]",0.9970360994338989,D:\1- ws.projects\medface.webapp\media/runs\3\1\2023-12-06\3\207\3.jpeg,211010973_Zina Fayez,0.6397765,211000767_Mahmoud Attian,0.8145161,211003548_Janna Younis,0.57055664
"[2614, 1580, 109, 132]",0.9964744448661804,D:\1- ws.projects\medface.webapp\media/runs\3\1\2023-12-06\3\207\3.jpeg,211000798_Fliopater Gadallah,0.9848246,211000798_Fliopater Gadallah,0.96794116,211011152_Abdelrahman Ashour,0.99965453
"[1279, 1363, 45, 53]",0.9867462515830994,D:\1- ws.projects\medface.webapp\media/runs\3\1\2023-12-06\3\207\3.jpeg,211002119_Nada Ashosh,0.20752098,211010753_Yassin Kafrawy,0.88081867,211003548_Janna Younis,0.873805
"[2200, 1415, 52, 62]",0.9855973124504089,D:\1- ws.projects\medface.webapp\media/runs\3\1\2023-12-06\3\207\3.jpeg,211002432_Youssef Sherif,0.170555,211001921_Maya Abdo,0.18694925,211000072_Ahmed Agawany,0.99993956
"[1401, 1381, 50, 60]",0.9763181805610657,D:\1- ws.projects\medface.webapp\media/runs\3\1\2023-12-06\3\207\3.jpeg,212001377_Mohamed Hatem,0.905582,211010753_Yassin Kafrawy,0.39209247,211003707_Abdellatif Ahmed,0.89584637
"[1983, 1397, 39, 49]",0.9620018601417542,D:\1- ws.projects\medface.webapp\media/runs\3\1\2023-12-06\3\207\3.jpeg,211010703_Omnia Shaaban,0.054507073,211010753_Yassin Kafrawy,0.37308902,211010750_Faris Rabie,0.371405
"[1749, 1407, 48, 60]",0.9587079286575317,D:\1- ws.projects\medface.webapp\media/runs\3\1\2023-12-06\3\207\3.jpeg,211000798_Fliopater Gadallah,0.81750107,211002432_Youssef Sherif,0.5498929,211000798_Fliopater Gadallah,0.5159739
"[326, 1415, 53, 64]",0.9358221888542175,D:\1- ws.projects\medface.webapp\media/runs\3\1\2023-12-06\3\207\3.jpeg,211010973_Zina Fayez,0.13941613,211010753_Yassin Kafrawy,0.75894606,211002432_Youssef Sherif,0.99892837
